,index,name,id,url,locale,startDateTime,endDateTime,status,spanMultipleDays,segment,genre,subGenre,seatmap,hasTicketPrice,venues,venuesID,venuesLocation,postalCode,timezone,city,state,statCode,country,countryCode,address,longtitude,latitude,dmas,upcomingTotal,tag,info,image
0,0,West Conf Qtrs: Suns at Timberwolves Rd 1 Hm Gm 1,Z7r9jZ1A7FvqP,https://www.ticketmaster.com/event/Z7r9jZ1A7FvqP,en-us,1900-01-01T18:00:00Z,2024-04-20T19:30:00Z,onsale,FALSE,Sports,Basketball,NBA,https://content.resale.ticketmaster.com/graphics/TMResale/1/VenueMaps/1663-553-3-0-TargetCenterMinnesotaTimberwolves75244.png,FALSE,"Target Center, 600 First Ave. North, Minneapolis, United States Of America",ZFr9jZe667,en-us,55403,America/Chicago,Minneapolis,Minnesota,MN,United States Of America,US,600 First Ave. North,-93.286102,44.970299,336,48,"['onsale', 'Sports', 'Basketball', 'NBA', 'Target', 'Center', 'en-us', 'America/Chicago', 'Minneapolis', 'Minnesota', 'United', 'States', 'Of', 'America', '600', 'First', 'Ave.', 'North']",No description available,https://wallpapers.com/images/hd/oklahoma-city-thunder-silk-flag-u49tlo24ooklp724.jpg
1,1,West Conf Qtrs: Timberwolves at Suns Round 1 Game 3,1A_ZkvNGkd4oft3,https://www.ticketmaster.com/west-conf-qtrs-timberwolves-at-suns-phoenix-arizona-04-26-2024/event/19006063D5454A52,en-us,2024-04-17T19:00:00Z,2024-04-27T04:30:00Z,onsale,FALSE,Sports,Basketball,NBA,https://maps.ticketmaster.com/maps/geometry/3/event/19006063D5454A52/staticImage?type=png&systemId=HOST,FALSE,"Footprint Center, 201 East Jefferson Street, Phoenix, United States Of America",KovZpZAE617A,en-us,85004,America/Phoenix,Phoenix,Arizona,AZ,United States Of America,US,201 East Jefferson Street,-112.071313,33.445899,359,94,"['onsale', 'Sports', 'Basketball', 'NBA', 'Footprint', 'Center', 'en-us', 'America/Phoenix', 'Phoenix', 'Arizona', 'United', 'States', 'Of', 'America', '201', 'East', 'Jefferson', 'Street']","Footprint Center is now a cashless environment. Please plan on using Visa, Mastercard, American Express or Discover during your visit. Don't have a credit/debit card? Convert cash into a preloaded Mastercard by visiting one of our reverse ATMs located near the Ticket Office or Section 218! With an increased focus on secure, contactless entry, mobile tickets will be required. All tickets will be delivered electronically with no exceptions, therefore will call is no longer available. All tickets are available via the Ticketmaster app or the Suns-Mercury-Footprint Center app. Standard ticket limit is six (6). Presales and first day of general on sale ticket limit is four (4). To purchase more tickets, please call 602.379.SUNS to find out about group tickets. In the event the TBD game is not necessary, purchasers will automatically receive a full refund. Please allow 10-14 days for the refund to show on your credit card statement.",https://cdn-az.allevents.in/events2/banners/d6ee11d14dc0aa0e19203434b123dcd47398b69055e4107da82c205efc57dec7-rimg-w960-h540-dc095992-gmir?v=1713724632
2,2,West Conf Qtrs: Timberwolves at Suns Round 1 Game 4,1A_ZkvNGkd43Vt4,https://www.ticketmaster.com/west-conf-qtrs-timberwolves-at-suns-phoenix-arizona-04-28-2024/event/19006063D54B4A55,en-us,2024-04-17T19:00:00Z,2024-04-29T03:30:00Z,onsale,FALSE,Sports,Basketball,NBA,https://maps.ticketmaster.com/maps/geometry/3/event/19006063D54B4A55/staticImage?type=png&systemId=HOST,FALSE,"Footprint Center, 201 East Jefferson Street, Phoenix, United States Of America",KovZpZAE617A,en-us,85004,America/Phoenix,Phoenix,Arizona,AZ,United States Of America,US,201 East Jefferson Street,-112.071313,33.445899,359,94,"['onsale', 'Sports', 'Basketball', 'NBA', 'Footprint', 'Center', 'en-us', 'America/Phoenix', 'Phoenix', 'Arizona', 'United', 'States', 'Of', 'America', '201', 'East', 'Jefferson', 'Street']","Footprint Center is now a cashless environment. Please plan on using Visa, Mastercard, American Express or Discover during your visit. Don't have a credit/debit card? Convert cash into a preloaded Mastercard by visiting one of our reverse ATMs located near the Ticket Office or Section 218! With an increased focus on secure, contactless entry, mobile tickets will be required. All tickets will be delivered electronically with no exceptions, therefore will call is no longer available. All tickets are available via the Ticketmaster app or the Suns-Mercury-Footprint Center app. Standard ticket limit is six (6). Presales and first day of general on sale ticket limit is four (4). To purchase more tickets, please call 602.379.SUNS to find out about group tickets. In the event the TBD game is not necessary, purchasers will automatically receive a full refund. Please allow 10-14 days for the refund to show on your credit card statement.",https://s1.ticketm.net/dam/a/c62/0636ff21-e369-4b8c-bee4-214ea0a81c62_1339761_EVENT_DETAIL_PAGE_16_9.jpg
3,3,West Conf Qtrs: Suns at Timberwolves Rd 1 Hm Gm 2,Z7r9jZ1A7FvqJ,https://www.ticketmaster.com/event/Z7r9jZ1A7FvqJ,en-us,1900-01-01T18:00:00Z,2024-04-23T23:30:00Z,onsale,FALSE,Sports,Basketball,NBA,https://content.resale.ticketmaster.com/graphics/TMResale/1/VenueMaps/1663-553-3-0-TargetCenterMinnesotaTimberwolves75244.png,FALSE,"Target Center, 600 First Ave. North, Minneapolis, United States Of America",ZFr9jZe667,en-us,55403,America/Chicago,Minneapolis,Minnesota,MN,United States Of America,US,600 First Ave. North,-93.286102,44.970299,336,48,"['onsale', 'Sports', 'Basketball', 'NBA', 'Target', 'Center', 'en-us', 'America/Chicago', 'Minneapolis', 'Minnesota', 'United', 'States', 'Of', 'America', '600', 'First', 'Ave.', 'North']",No description available,https://s1.ticketm.net/dam/a/c70/98044e71-9085-471b-9f21-78525c745c70_1340061_RETINA_PORTRAIT_16_9.jpg
4,4,West Conf Qtrs: Suns at Timberwolves Rd 1 Hm Gm 3,Z7r9jZ1A7FvqE,https://www.ticketmaster.com/event/Z7r9jZ1A7FvqE,en-us,1900-01-01T18:00:00Z,2024-05-01T04:59:20Z,onsale,FALSE,Sports,Basketball,NBA,https://content.resale.ticketmaster.com/graphics/TMResale/1/VenueMaps/1663-553-3-0-TargetCenterMinnesotaTimberwolves75244.png,FALSE,"Target Center, 600 First Ave. North, Minneapolis, United States Of America",ZFr9jZe667,en-us,55403,America/Chicago,Minneapolis,Minnesota,MN,United States Of America,US,600 First Ave. North,-93.286102,44.970299,336,48,"['onsale', 'Sports', 'Basketball', 'NBA', 'Target', 'Center', 'en-us', 'America/Chicago', 'Minneapolis', 'Minnesota', 'United', 'States', 'Of', 'America', '600', 'First', 'Ave.', 'North']",No description available,https://agbrief.com/wp-content/uploads/2021/11/One-Sports-partners-with-frankie-templeton.jpg
5,5,West Conf Qtrs: Suns at Timberwolves Rd 1 Hm Gm 4,Z7r9jZ1A7FvqI,https://www.ticketmaster.com/event/Z7r9jZ1A7FvqI,en-us,1900-01-01T18:00:00Z,2024-05-05T04:59:20Z,onsale,FALSE,Sports,Basketball,NBA,https://content.resale.ticketmaster.com/graphics/TMResale/1/VenueMaps/1663-553-3-0-TargetCenterMinnesotaTimberwolves75244.png,FALSE,"Target Center, 600 First Ave. North, Minneapolis, United States Of America",ZFr9jZe667,en-us,55403,America/Chicago,Minneapolis,Minnesota,MN,United States Of America,US,600 First Ave. North,-93.286102,44.970299,336,48,"['onsale', 'Sports', 'Basketball', 'NBA', 'Target', 'Center', 'en-us', 'America/Chicago', 'Minneapolis', 'Minnesota', 'United', 'States', 'Of', 'America', '600', 'First', 'Ave.', 'North']",No description available,https://ktafx.com/wp-content/uploads/2020/04/ktafx-favicon.png
6,7,West Conf Qtrs: Mavericks at Clippers Rd 1 Hm Gm 1,Z7r9jZ1A7Fv-z,https://www.ticketmaster.com/event/Z7r9jZ1A7Fv-z,en-us,1900-01-01T18:00:00Z,2024-04-21T19:30:00Z,onsale,FALSE,Sports,Basketball,NBA,https://content.resale.ticketmaster.com/maps/1604-480-3-main2.gif,FALSE,"Crypto.com Arena, 1111 S. Figueroa St., Los Angeles, United States Of America",ZFr9jZe6vA,en-us,90017,America/Los_Angeles,Los Angeles,California,CA,United States Of America,US,1111 S. Figueroa St.,-118.2649,34.053101,324,84,"['onsale', 'Sports', 'Basketball', 'NBA', 'Crypto.com', 'Arena', 'en-us', 'America/Los_Angeles', 'Los', 'Angeles', 'California', 'United', 'States', 'Of', 'America', '1111', 'S.', 'Figueroa', 'St.']",No description available,https://s1.ticketm.net/dam/a/518/971b3e12-b253-4f8a-9896-874192c51518_1340071_RETINA_PORTRAIT_16_9.jpg
7,8,Los Angeles Dodgers vs. New York Mets,Z7r9jZ1AdP97p,https://www.ticketmaster.com/event/Z7r9jZ1AdP97p,en-us,1900-01-01T06:00:00Z,2024-04-20T20:05:00Z,onsale,FALSE,Sports,Baseball,MLB,https://content.resale.ticketmaster.com/graphics/TMResale/1/VenueMaps/475-481-3-0-DodgerStadiumLADodgers.png,FALSE,"Dodger Stadium, 1000 Elysian Park Ave., Los Angeles, United States Of America",Z6r9jZAFke,en-us,90012,America/Los_Angeles,Los Angeles,California,CA,United States Of America,US,1000 Elysian Park Ave.,-118.2388,34.0658,324,67,"['onsale', 'Sports', 'Baseball', 'MLB', 'Dodger', 'Stadium', 'en-us', 'America/Los_Angeles', 'Los', 'Angeles', 'California', 'United', 'States', 'Of', 'America', '1000', 'Elysian', 'Park', 'Ave.']",No description available,https://s1.ticketm.net/dam/a/eb3/9ec01308-9d94-4413-92e2-8d0dc9fe8eb3_SOURCE
8,9,East Conf Qtrs: Magic at Cavaliers Rd 1 Hm Gm 1,Z7r9jZ1A7FvGE,https://www.ticketmaster.com/event/Z7r9jZ1A7FvGE,en-us,1900-01-01T18:00:00Z,2024-04-20T17:00:00Z,onsale,FALSE,Sports,Basketball,NBA,https://content.resale.ticketmaster.com/graphics/TMResale/1/VenueMaps/684-182-3-0-QuickenLoansArenaClevelandCavaliers.png,FALSE,"Rocket Mortgage FieldHouse, One Center Court, Cleveland, United States Of America",Z6r9jZ6aAe,en-us,44115,America/New_York,Cleveland,Ohio,OH,United States Of America,US,One Center Court,-81.671204,41.492401,253,44,"['onsale', 'Sports', 'Basketball', 'NBA', 'Rocket', 'Mortgage', 'FieldHouse', 'en-us', 'America/New_York', 'Cleveland', 'Ohio', 'United', 'States', 'Of', 'America', 'One', 'Center', 'Court']",No description available,https://s1.ticketm.net/dam/a/ef6/28bc188b-9647-4a08-96b8-c289e19ffef6_1340091_EVENT_DETAIL_PAGE_16_9.jpg
9,10,P!NK: Summer Carnival 2024 star1,vvG17Z9MBX0JyU,https://www.ticketmaster.com/pnk-summer-carnival-2024-foxborough-massachusetts-08-21-2024/event/01005F7EBE926E76,en-us,2023-12-11T15:00:00Z,2024-08-22T00:30:00Z,onsale,FALSE,Music,Rock,Pop,https://maps.ticketmaster.com/maps/geometry/3/event/01005F7EBE926E76/staticImage?type=png&systemId=HOST,FALSE,"Gillette Stadium, 1 Patriot Place, Foxborough, United States Of America",KovZpZA6kvlA,en-us,2035,America/New_York,Foxborough,Massachusetts,MA,United States Of America,US,1 Patriot Place,-71.264321,42.090918,225,26,"['onsale', 'Music', 'Rock', 'Pop', 'Gillette', 'Stadium', 'en-us', 'America/New_York', 'Foxborough', 'Massachusetts', 'United', 'States', 'Of', 'America', '1', 'Patriot', 'Place']",No description available,https://playandgo.com.au/wp-content/uploads/2017/10/PNK-Summer-Carnival-2024-dates-640x360.jpeg
10,11,P!NK: Summer Carnival 2024 star2,vvG1YZ9ASfN7Jv,https://www.ticketmaster.com/pnk-summer-carnival-2024-arlington-texas-11-06-2024/event/0C005C5CD48C4981,en-us,2022-11-21T16:00:00Z,2024-11-07T02:30:00Z,rescheduled,FALSE,Music,Rock,Pop,https://maps.ticketmaster.com/maps/geometry/3/event/0C005C5CD48C4981/staticImage?type=png&systemId=HOST,FALSE,"Globe Life Field, 734 Stadium Drive, Arlington, United States Of America",KovZ917A-X0,en-us,76011,America/Chicago,Arlington,Texas,TX,United States Of America,US,734 Stadium Drive,-97.083796,32.747242,212,80,"['rescheduled', 'Music', 'Rock', 'Pop', 'Globe', 'Life', 'Field', 'en-us', 'America/Chicago', 'Arlington', 'Texas', 'United', 'States', 'Of', 'America', '734', 'Stadium', 'Drive']",No description available,https://th.bing.com/th/id/R.6c47807d2e4bc12bde7ed3b73cfaf46d?rik=GD0zui6GVv4PfA&pid=ImgRaw&r=0
11,12,P!NK: Summer Carnival 2024 star3,vvG18Z9Mzzn05q,https://www.ticketmaster.com/pnk-summer-carnival-2024-chicago-illinois-08-24-2024/event/04005F7E38AA42DD,en-us,2023-12-11T16:00:00Z,2024-08-25T00:30:00Z,onsale,FALSE,Music,Rock,Pop,https://maps.ticketmaster.com/maps/geometry/3/event/04005F7E38AA42DD/staticImage?type=png&systemId=HOST,FALSE,"Soldier Field, 1410 S. Museum Campus Drive, Chicago, United States Of America",KovZpZAF6tIA,en-us,60605,America/Chicago,Chicago,Illinois,IL,United States Of America,US,1410 S. Museum Campus Drive,-87.61682143,41.86205404,242,58,"['onsale', 'Music', 'Rock', 'Pop', 'Soldier', 'Field', 'en-us', 'America/Chicago', 'Chicago', 'Illinois', 'United', 'States', 'Of', 'America', '1410', 'S.', 'Museum', 'Campus', 'Drive']",No description available,https://imgix.bustle.com/rehost/2016/9/13/a467c702-ca2f-4c0c-914d-2b73591b4fd8.jpg?w=970&h=546&fit=crop&crop=faces&auto=format&q=70
12,13,P!NK: Summer Carnival 2024 star4,vvG1bZ9MwOsvtU,https://www.ticketmaster.com/pnk-summer-carnival-2024-st-louis-missouri-08-10-2024/event/06005F7CA0C41A76,en-us,2023-12-11T16:00:00Z,2024-08-11T01:30:00Z,onsale,FALSE,Music,Rock,Pop,https://maps.ticketmaster.com/maps/geometry/3/event/06005F7CA0C41A76/staticImage?type=png&systemId=HOST,FALSE,"The Dome at America's Center, 701 Convention Plaza, St Louis, United States Of America",KovZpZA6AJeA,en-us,63101,America/Chicago,St Louis,Missouri,MO,United States Of America,US,701 Convention Plaza,-90.191488,38.630801,255,6,"['onsale', 'Music', 'Rock', 'Pop', 'The', 'Dome', 'at', ""America's"", 'Center', 'en-us', 'America/Chicago', 'St', 'Louis', 'Missouri', 'United', 'States', 'Of', 'America', '701', 'Convention', 'Plaza']",No description available,https://th.bing.com/th/id/OIP.6_9HU7ATV7SXAwP2yxbV5gAAAA?rs=1&pid=ImgDetMain
13,14,P!NK: Summer Carnival 2024 star5,vvG1FZ9MMoSUKo,https://www.ticketmaster.com/pnk-summer-carnival-2024-philadelphia-pennsylvania-08-18-2024/event/02005F7DD1CF64D1,en-us,2023-12-11T15:00:00Z,2024-08-18T23:30:00Z,onsale,FALSE,Music,Rock,Pop,https://maps.ticketmaster.com/maps/geometry/3/event/02005F7DD1CF64D1/staticImage?type=png&systemId=HOST,FALSE,"Lincoln Financial Field, One Lincoln Financial Way, Philadelphia, United States Of America",KovZpa2yme,en-us,19148,America/New_York,Philadelphia,Pennsylvania,PA,United States Of America,US,One Lincoln Financial Way,-75.167406,39.900706,358,11,"['onsale', 'Music', 'Rock', 'Pop', 'Lincoln', 'Financial', 'Field', 'en-us', 'America/New_York', 'Philadelphia', 'Pennsylvania', 'United', 'States', 'Of', 'America', 'One', 'Lincoln', 'Financial', 'Way']",No description available,https://s1.ticketm.net/dam/a/8cc/0850a9c7-f269-4506-87f5-0acb3e2e08cc_SOURCE
14,15,Los Angeles Dodgers vs. New York Mets,Z7r9jZ1AdP974,https://www.ticketmaster.com/event/Z7r9jZ1AdP974,en-us,1900-01-01T06:00:00Z,2024-04-21T20:10:00Z,onsale,FALSE,Sports,Baseball,MLB,https://content.resale.ticketmaster.com/graphics/TMResale/1/VenueMaps/475-481-3-0-DodgerStadiumLADodgers.png,FALSE,"Dodger Stadium, 1000 Elysian Park Ave., Los Angeles, United States Of America",Z6r9jZAFke,en-us,90012,America/Los_Angeles,Los Angeles,California,CA,United States Of America,US,1000 Elysian Park Ave.,-118.2388,34.0658,324,67,"['onsale', 'Sports', 'Baseball', 'MLB', 'Dodger', 'Stadium', 'en-us', 'America/Los_Angeles', 'Los', 'Angeles', 'California', 'United', 'States', 'Of', 'America', '1000', 'Elysian', 'Park', 'Ave.']",No description available,https://s1.ticketm.net/dam/a/eb3/9ec01308-9d94-4413-92e2-8d0dc9fe8eb3_SOURCE
15,16,P!NK: Summer Carnival 2024 star6,k7vGF9MQsrwdx,https://www.ticketmaster.com/pnk-summer-carnival-2024-syracuse-new-york-10-06-2024/event/00005F76B17B20E2,en-us,2023-12-11T15:00:00Z,2024-10-07T01:30:00Z,onsale,FALSE,Music,Rock,Pop,https://maps.ticketmaster.com/maps/geometry/3/event/00005F76B17B20E2/staticImage?type=png&systemId=HOST,TRUE,"JMA Wireless Dome , 900 Irving Avenue, Syracuse, United States Of America",KovZpakwYe,en-us,13244,America/New_York,Syracuse,New York,NY,United States Of America,US,900 Irving Avenue,-76.1361305,43.03626312,213,2,"['onsale', 'Music', 'Rock', 'Pop', 'JMA', 'Wireless', 'Dome', 'en-us', 'America/New_York', 'Syracuse', 'New', 'York', 'United', 'States', 'Of', 'America', '900', 'Irving', 'Avenue']",No description available,https://th.bing.com/th/id/OIP.0N9cSZe78oVFuTLhOdDQFwAAAA?rs=1&pid=ImgDetMain
16,17,P!NK: Summer Carnival 2024 star7,k7vGF9z6xPpDI,https://www.ticketmaster.com/pnk-summer-carnival-2024-east-rutherford-new-jersey-10-03-2024/event/00005F81E2956EE8,en-us,2023-12-11T15:00:00Z,2024-10-04T01:30:00Z,onsale,FALSE,Music,Rock,Pop,https://maps.ticketmaster.com/maps/geometry/3/event/00005F81E2956EE8/staticImage?type=png&systemId=HOST,FALSE,"MetLife Stadium, One MetLife Stadium Drive, East Rutherford, United States Of America",KovZpakS7e,en-us,7073,America/New_York,East Rutherford,New Jersey,NJ,United States Of America,US,One MetLife Stadium Drive,-74.074493,40.81359,296,31,"['onsale', 'Music', 'Rock', 'Pop', 'MetLife', 'Stadium', 'en-us', 'America/New_York', 'East', 'Rutherford', 'New', 'Jersey', 'United', 'States', 'Of', 'America', 'One', 'MetLife', 'Stadium', 'Drive']",No description available,https://i2-prod.mylondon.news/incoming/article27177601.ece/ALTERNATES/s1200/0_GettyImages-1496775097.jpg
17,18,Monster Jam,vvG17Z9VCkXOHP,https://www.ticketmaster.com/monster-jam-foxborough-massachusetts-04-20-2024/event/01005F4386FA0F25,en-us,2023-11-14T15:00:00Z,2024-04-20T23:00:00Z,onsale,FALSE,Sports,Motorsports/Racing,Motorsports/Racing,https://maps.ticketmaster.com/maps/geometry/3/event/01005F4386FA0F25/staticImage?type=png&systemId=HOST,FALSE,"Gillette Stadium, 1 Patriot Place, Foxborough, United States Of America",KovZpZA6kvlA,en-us,2035,America/New_York,Foxborough,Massachusetts,MA,United States Of America,US,1 Patriot Place,-71.264321,42.090918,225,26,"['onsale', 'Sports', 'Motorsports/Racing', 'Motorsports/Racing', 'Gillette', 'Stadium', 'en-us', 'America/New_York', 'Foxborough', 'Massachusetts', 'United', 'States', 'Of', 'America', '1', 'Patriot', 'Place']","Experience full-throttle family fun at Monster Jam®, where the world's best drivers and their 12,000-pound monster trucks tear up the dirt in wide open competitions of speed and skill. You'll be on the edge of your seat watching your favorites like the legendary Grave Digger®, mighty Megalodon® and more show off crazy skills, massive stunts and all-out racing. Monster Jam. As Big As It Gets!™",https://s1.ticketm.net/dam/a/60d/a8e53b98-e354-444f-958e-622e44cce60d_ARTIST_PAGE_3_2.jpg
18,19,P!NK: Summer Carnival 2024 star8,vvG1FZ9zk0cfPA,https://www.ticketmaster.com/pnk-summer-carnival-2024-hershey-pennsylvania-10-01-2024/event/02005F81A4B54945,en-us,2023-12-11T15:00:00Z,2024-10-01T22:30:00Z,onsale,FALSE,Music,Rock,Pop,https://maps.ticketmaster.com/maps/geometry/3/event/02005F81A4B54945/staticImage?type=png&systemId=HOST,FALSE,"Hersheypark Stadium, 100 W Hersheypark Dr, Hershey, United States Of America",KovZpaoU8e,en-us,17033,America/New_York,Hershey,Pennsylvania,PA,United States Of America,US,100 W Hersheypark Dr,-76.660281,40.290715,294,14,"['onsale', 'Music', 'Rock', 'Pop', 'Hersheypark', 'Stadium', 'en-us', 'America/New_York', 'Hershey', 'Pennsylvania', 'United', 'States', 'Of', 'America', '100', 'W', 'Hersheypark', 'Dr']","We are now a cashless venue. All major credit cards are accepted. Patrons 2yrs and older require a ticket. Artist(s) subject to change. Due to security enhancements, please arrive at least 45-60 minutes prior to event time. Please only bring essential items with you. Hersheypark Stadium will only permit bags 5""x8""x1"" or smaller, which includes hand clutches, wristlets and small purses. Any bags/backpacks that are larger in size will need to be returned to the owners vehicle or disposed of. No audio/video recording. Rain Or Shine Tickets can be purchased online up until the event start time. After this time, if tickets are still available, they can be purchased at the Hersheypark Stadium Box Office.",https://mir-s3-cdn-cf.behance.net/project_modules/max_1200/b43d7e78879389.5cd3f99e6fbc6.jpg
19,20,Bethel Music,1Av7Zb7GkT3QSPa,https://www.ticketmaster.ca/bethel-music-edmonton-alberta-06-07-2024/event/1100604FD26B3949,en-us,2024-02-23T17:00:00Z,2024-06-08T02:00:00Z,onsale,FALSE,Music,Rock,Pop,https://maps.ticketmaster.com/maps/geometry/3/event/1100604FD26B3949/staticImage?type=png&systemId=HOST,FALSE,"Edmonton EXPO Centre, 7515 118 Avenue NW, Edmonton, Canada",KovZpa3HQe,en-us,T5J 2N5,America/Denver,Edmonton,Alberta,AB,Canada,CA,7515 118 Avenue NW,-113.4722034,53.5703914,506,21,"['onsale', 'Music', 'Rock', 'Pop', 'Edmonton', 'EXPO', 'Centre', 'en-us', 'America/Denver', 'Edmonton', 'Alberta', 'Canada', '7515', '118', 'Avenue', 'NW']",No description available,https://s1.ticketm.net/dam/a/9b0/d2468e99-648c-4702-857f-7ddaa716d9b0_SOURCE
20,23,Nexus Music Festival,vv1AvZkvAGkeREw0F,https://www.ticketmaster.com/nexus-music-festival-providence-rhode-island-04-20-2024/event/01006045AF9F2908,en-us,2024-02-09T17:00:00Z,2024-04-21T01:00:00Z,onsale,FALSE,Music,Undefined,Undefined,https://maps.ticketmaster.com/maps/geometry/3/event/01006045AF9F2908/staticImage?type=png&systemId=HOST,FALSE,"Amica Mutual Pavilion, 1 Lasalle SQ, Providence, United States Of America",KovZpa2gGe,en-us,2903,America/New_York,Providence,Rhode Island,RI,United States Of America,US,1 Lasalle SQ,-71.41781855,41.82367038,225,28,"['onsale', 'Music', 'Undefined', 'Undefined', 'Amica', 'Mutual', 'Pavilion', 'en-us', 'America/New_York', 'Providence', 'Rhode', 'Island', 'United', 'States', 'Of', 'America', '1', 'Lasalle', 'SQ']",No description available,https://s1.ticketm.net/dam/a/829/e2f677e6-9ee5-4d2d-94a6-1b91b53b0829_EVENT_DETAIL_PAGE_16_9.jpg
21,24,Cincinnati Music Festival presented by P&G,G5vbZ9UXrevql,https://www.ticketmaster.com/cincinnati-music-festival-presented-by-pg-cincinnati-ohio-07-26-2024/event/16005F6F9E08176B,en-us,2023-12-16T15:00:00Z,2024-07-26T23:30:00Z,onsale,FALSE,Music,R&B,R&B,https://maps.ticketmaster.com/maps/geometry/3/event/16005F6F9E08176B/staticImage?type=png&systemId=HOST,FALSE,"Paycor Stadium, One Paycor Stadium, Cincinnati, United States Of America",KovZpZAFkelA,en-us,45202,America/New_York,Cincinnati,Ohio,OH,United States Of America,US,One Paycor Stadium,-84.5161111,39.0955556,251,15,"['onsale', 'Music', 'R&B', 'R&B', 'Paycor', 'Stadium', 'en-us', 'America/New_York', 'Cincinnati', 'Ohio', 'United', 'States', 'Of', 'America', 'One', 'Paycor', 'Stadium']",Rain or Shine - No Refunds - No Exchanges,https://s1.ticketm.net/dam/a/784/25372167-2072-4272-bfdc-24510b7fc784_1560161_RETINA_PORTRAIT_3_2.jpg
22,25,Loud Music Company,G5eVZbAMxq_Id,https://concerts.livenation.com/loud-music-company-wilmington-north-carolina-05-11-2024/event/2D00605DE2759A03,en-us,2024-03-04T15:00:00Z,2024-05-12T01:00:00Z,onsale,FALSE,Music,Rock,Pop,https://maps.ticketmaster.com/maps/geometry/3/event/2D00605DE2759A03/staticImage?type=png&systemId=HOST,TRUE,"Greenfield Lake Amphitheater, 1941 Amphitheater Dr, Wilmington, United States Of America",KovZ917A2qV,en-us,28401,America/New_York,Wilmington,North Carolina,NC,United States Of America,US,1941 Amphitheater Dr,-77.943361,34.215138,289,40,"['onsale', 'Music', 'Rock', 'Pop', 'Greenfield', 'Lake', 'Amphitheater', 'en-us', 'America/New_York', 'Wilmington', 'North', 'Carolina', 'United', 'States', 'Of', 'America', '1941', 'Amphitheater', 'Dr']",No description available,https://s1.ticketm.net/dam/a/0d7/d1f77266-3412-4bad-a6c4-4986681bd0d7_TABLET_LANDSCAPE_16_9.jpg
23,26,Music of Motown,G5eFZ9YnziGVX,https://www.ticketmaster.com/music-of-motown-jacksonville-florida-05-10-2024/event/22005F0AB8B0CD3E,en-us,2023-08-15T14:00:00Z,2024-05-11T01:30:00Z,onsale,FALSE,Music,Pop,Pop,https://maps.ticketmaster.com/maps/geometry/3/event/22005F0AB8B0CD3E/staticImage?type=png&systemId=HOST,FALSE,"Jacksonville Center for the Performing Arts - Jacoby Hall, 300 West Water Street, Jacksonville, United States Of America",KovZpZAEkJaA,en-us,32202,America/New_York,Jacksonville,Florida,FL,United States Of America,US,300 West Water Street,-81.662448,30.325,214,26,"['onsale', 'Music', 'Pop', 'Pop', 'Jacksonville', 'Center', 'for', 'the', 'Performing', 'Arts', '-', 'Jacoby', 'Hall', 'en-us', 'America/New_York', 'Jacksonville', 'Florida', 'United', 'States', 'Of', 'America', '300', 'West', 'Water', 'Street']",No description available,https://s1.ticketm.net/dam/c/4f2/0109888a-61b5-4525-8432-b026ef04f4f2_105631_RETINA_PORTRAIT_3_2.jpg
24,27,Music of Motown pt1,G5eFZ9Ynzcige,https://www.ticketmaster.com/music-of-motown-jacksonville-florida-05-11-2024/event/22005F0AB8B6CD42,en-us,2023-08-15T14:00:00Z,2024-05-12T01:30:00Z,onsale,FALSE,Music,Pop,Pop,https://maps.ticketmaster.com/maps/geometry/3/event/22005F0AB8B6CD42/staticImage?type=png&systemId=HOST,FALSE,"Jacksonville Center for the Performing Arts - Jacoby Hall, 300 West Water Street, Jacksonville, United States Of America",KovZpZAEkJaA,en-us,32202,America/New_York,Jacksonville,Florida,FL,United States Of America,US,300 West Water Street,-81.662448,30.325,214,26,"['onsale', 'Music', 'Pop', 'Pop', 'Jacksonville', 'Center', 'for', 'the', 'Performing', 'Arts', '-', 'Jacoby', 'Hall', 'en-us', 'America/New_York', 'Jacksonville', 'Florida', 'United', 'States', 'Of', 'America', '300', 'West', 'Water', 'Street']",No description available,https://th.bing.com/th/id/R.3dcac5dc300c99e36b01c8a54010702d?rik=zl1ZttVa1O3TPw&riu=http%3a%2f%2fwvuafm.ua.edu%2fwp-content%2fuploads%2f2013%2f04%2fConcert1.jpg&ehk=nm1YNqwyxJ8gqWVpZU9LAN1ApfMu4FcMfn0DdWzBy48%3d&risl=&pid=ImgRaw&r=0
25,28,Organ Chamber Music,G5eFZ9YKjicT8,https://www.ticketmaster.com/organ-chamber-music-jacksonville-florida-05-04-2024/event/22005F04DCB2DFD0,en-us,2023-08-15T14:00:00Z,2024-05-05T01:30:00Z,onsale,FALSE,Music,Classical,Classical/Vocal,https://maps.ticketmaster.com/maps/geometry/3/event/22005F04DCB2DFD0/staticImage?type=png&systemId=HOST,FALSE,"Jacksonville Center for the Performing Arts - Jacoby Hall, 300 West Water Street, Jacksonville, United States Of America",KovZpZAEkJaA,en-us,32202,America/New_York,Jacksonville,Florida,FL,United States Of America,US,300 West Water Street,-81.662448,30.325,214,26,"['onsale', 'Music', 'Classical', 'Classical/Vocal', 'Jacksonville', 'Center', 'for', 'the', 'Performing', 'Arts', '-', 'Jacoby', 'Hall', 'en-us', 'America/New_York', 'Jacksonville', 'Florida', 'United', 'States', 'Of', 'America', '300', 'West', 'Water', 'Street']",No description available,https://th.bing.com/th/id/OIP.jAQMhUb-xcHnkZYW66m4ugHaE7?w=800&h=532&rs=1&pid=ImgDetMain
26,37,Lost In Music,G5vOZ9iyzavxQ,https://www.ticketmaster.ie/lost-in-music-dublin-12-09-2024/event/18005ECE7824189A,en-us,2023-06-23T09:00:00Z,2024-09-12T18:00:00Z,onsale,FALSE,Music,Undefined,Undefined,https://s1.ticketm.net/uk/tmimages/venue/maps/uk2/13480s.gif,FALSE,"3Olympia Theatre, 73 Dame Street, Dublin, Ireland",KovZ9177TI0,en-de,D02 K135,Europe/London,Dublin,Dublin 2,D2,Ireland,IE,73 Dame Street,-6.266114,53.344318,608,211,"['onsale', 'Music', 'Undefined', 'Undefined', '3Olympia', 'Theatre', 'en-de', 'Europe/London', 'Dublin', 'Dublin', '2', 'Ireland', '73', 'Dame', 'Street']",No description available,https://s1.ticketm.net/dam/a/426/9190f758-09ae-4342-aef4-1a51bfd13426_RETINA_LANDSCAPE_16_9.jpg
27,41,iHeartCountry Festival Presented by Capital One,G5dIZbeE3AK2J,https://www.ticketmaster.com/iheartcountry-festival-presented-by-capital-one-austin-texas-05-04-2024/event/3A006029D21533E6,en-us,2024-01-26T18:00:00Z,2024-05-05T00:00:00Z,onsale,FALSE,Music,Country,Country,https://maps.ticketmaster.com/maps/geometry/3/event/3A006029D21533E6/staticImage?type=png&systemId=HOST,FALSE,"Moody Center ATX, 2001 Robert Dedman Drive, Austin, United States Of America",KovZ917ANwG,en-us,78712,America/Chicago,Austin,Texas,TX,United States Of America,US,2001 Robert Dedman Drive,-97.730837,30.280735,222,74,"['onsale', 'Music', 'Country', 'Country', 'Moody', 'Center', 'ATX', 'en-us', 'America/Chicago', 'Austin', 'Texas', 'United', 'States', 'Of', 'America', '2001', 'Robert', 'Dedman', 'Drive']",Lineup (Subject to Change): * Jason Aldean * Jelly Roll * Old Dominion * Lady A * Riley Green * Ashley McBryde * Brothers Osbourne * Walker Hayes * Hosted by Bobby Bones,https://s1.ticketm.net/dbimages/497178a.jpg
28,44,High Water Festival,Z7r9jZ1A7vJfw,https://www.ticketmaster.com/event/165078_SatSaturd,en-us,2023-10-26T16:00:00Z,2024-04-21T01:00:00Z,onsale,FALSE,Music,Other,Other,https://content.resale.ticketmaster.com/graphics/TMResale/1/VenueMaps/11892-41000-2-0-HighWater24Logo.png,FALSE,"Riverfront Park - North Charleston, 1001 Everglades Ave, North Charleston, United States Of America",Z7r9jZaeyV,en-us,29405,America/New_York,North Charleston,South Carolina,SC,United States Of America,US,1001 Everglades Ave,-79.983902,32.853699,243,5,"['onsale', 'Music', 'Other', 'Other', 'Riverfront', 'Park', '-', 'North', 'Charleston', 'en-us', 'America/New_York', 'North', 'Charleston', 'South', 'Carolina', 'United', 'States', 'Of', 'America', '1001', 'Everglades', 'Ave']",No description available,https://s1.ticketm.net/dam/c/fbc/b293c0ad-c904-4215-bc59-8d7f2414dfbc_106141_RETINA_PORTRAIT_16_9.jpg
29,45,THING Festival  slous1,vvG1HZbkA7bM5a,https://www.ticketmaster.com/thing-festival-carnation-washington-08-09-2024/event/0F006061446372C9,en-us,2024-03-15T17:00:00Z,2024-08-10T00:00:00Z,onsale,FALSE,Music,Rock,Pop,https://maps.ticketmaster.com/maps/geometry/3/event/0F006061446372C9/staticImage?type=png&systemId=HOST,FALSE,"Remlinger Farms, 32610 NE 32 St, Carnation, United States Of America",KovZ917AioZ,en-us,98014,America/Los_Angeles,Carnation,Washington,WA,United States Of America,US,32610 NE 32 St,121.90221,47.63918,385,16,"['onsale', 'Music', 'Rock', 'Pop', 'Remlinger', 'Farms', 'en-us', 'America/Los_Angeles', 'Carnation', 'Washington', 'United', 'States', 'Of', 'America', '32610', 'NE', '32', 'St']","Kids two (2) and under are free (no ticket required). No pets (service animals only). Rain or Shine. Remlinger Farms is in Carnation, Washington. 10 ticket limit per household. Patrons exceeding the ticket limit will have all their orders cancelled at the venue's discretion. All sales are final. No refunds or exchanges. No weapons of any kind, no outside alcohol permitted, illegal drugs, laser pens/pointers, pamphlets/handbills, drones, or noise producing devices.",https://th.bing.com/th/id/OIP.a2Orrpl835wHrbwgYSUdOwHaE7?rs=1&pid=ImgDetMain
30,46,THING Festival slous2,vvG1HZbkA7r95C,https://www.ticketmaster.com/thing-festival-carnation-washington-08-10-2024/event/0F006061447972CE,en-us,2024-03-15T17:00:00Z,2024-08-11T00:00:00Z,onsale,FALSE,Music,Rock,Pop,https://maps.ticketmaster.com/maps/geometry/3/event/0F006061447972CE/staticImage?type=png&systemId=HOST,FALSE,"Remlinger Farms, 32610 NE 32 St, Carnation, United States Of America",KovZ917AioZ,en-us,98014,America/Los_Angeles,Carnation,Washington,WA,United States Of America,US,32610 NE 32 St,121.90221,47.63918,385,16,"['onsale', 'Music', 'Rock', 'Pop', 'Remlinger', 'Farms', 'en-us', 'America/Los_Angeles', 'Carnation', 'Washington', 'United', 'States', 'Of', 'America', '32610', 'NE', '32', 'St']","Kids two (2) and under are free (no ticket required). No pets (service animals only). Rain or Shine. Remlinger Farms is in Carnation, Washington. 10 ticket limit per household. Patrons exceeding the ticket limit will have all their orders cancelled at the venue's discretion. All sales are final. No refunds or exchanges. No weapons of any kind, no outside alcohol permitted, illegal drugs, laser pens/pointers, pamphlets/handbills, drones, or noise producing devices.",https://s1.ticketm.net/dam/a/4b6/680f9088-36ef-4451-bf79-846e6589c4b6_SOURCE
31,47,THING Festival slous3,vvG1HZbkA70953,https://www.ticketmaster.com/thing-festival-carnation-washington-08-11-2024/event/0F006061449172D2,en-us,2024-03-15T17:00:00Z,2024-08-12T00:00:00Z,onsale,FALSE,Music,Rock,Pop,https://maps.ticketmaster.com/maps/geometry/3/event/0F006061449172D2/staticImage?type=png&systemId=HOST,FALSE,"Remlinger Farms, 32610 NE 32 St, Carnation, United States Of America",KovZ917AioZ,en-us,98014,America/Los_Angeles,Carnation,Washington,WA,United States Of America,US,32610 NE 32 St,121.90221,47.63918,385,16,"['onsale', 'Music', 'Rock', 'Pop', 'Remlinger', 'Farms', 'en-us', 'America/Los_Angeles', 'Carnation', 'Washington', 'United', 'States', 'Of', 'America', '32610', 'NE', '32', 'St']","Kids two (2) and under are free (no ticket required). No pets (service animals only). Rain or Shine. Remlinger Farms is in Carnation, Washington. 10 ticket limit per household. Patrons exceeding the ticket limit will have all their orders cancelled at the venue's discretion. All sales are final. No refunds or exchanges. No weapons of any kind, no outside alcohol permitted, illegal drugs, laser pens/pointers, pamphlets/handbills, drones, or noise producing devices.",https://external-preview.redd.it/CREfCd9CWbHp0XJ5_rQPSR5lBCjdC8J9rz_QUAgyj_4.jpg?auto=webp&s=65f82f4c21528b690be309df21a349aa449a84d7
32,48,Madaraka Festival,vvG1HZb7wMvolI,https://www.ticketmaster.com/madaraka-festival-seattle-washington-06-17-2024/event/0F00604CB7051AE8,en-us,2024-02-16T18:00:00Z,2024-06-18T03:00:00Z,onsale,FALSE,Music,World,World,https://maps.ticketmaster.com/maps/geometry/3/event/0F00604CB7051AE8/staticImage?type=png&systemId=HOST,FALSE,"Neptune Theatre, 1303 NE 45th Street, Seattle, United States Of America",KovZpZAFnltA,en-us,98105,America/Los_Angeles,Seattle,Washington,WA,United States Of America,US,1303 NE 45th Street,-122.3140519,47.66126297,385,72,"['onsale', 'Music', 'World', 'World', 'Neptune', 'Theatre', 'en-us', 'America/Los_Angeles', 'Seattle', 'Washington', 'United', 'States', 'Of', 'America', '1303', 'NE', '45th', 'Street']","Masks are welcomed. If you have tested positive for COVID-19 or are experiencing symptoms, we request that you do not attend any performances. The Neptune Theatre is located in Seattle, Washington at 1313 NE 45th Street in Seattle's University District. This is a general admission event. Parties who require accessible seating will have priority access to accessible seats. Ushers are available to assist when you arrive. 8 ticket limit per patron. Patrons exceeding the ticket limit will have their orders cancelled at the venue's discretion. All sales are final. No refunds or exchanges. Unless otherwise noted, each person must have a ticket regardless of age. No babies in arms. Mobile ticket delivery will be delayed until 4 days prior to event.",https://s1.ticketm.net/dam/a/718/7e95cc05-5c99-4e99-af0a-1507c6d03718_ARTIST_PAGE_3_2.jpg
33,55,BRIZROCKS FESTIVAL,1AKZkvyGkd4gK0E,https://www.ticketmaster.com.au/brizrocks-festival-brisbane-27-05-2024/event/13006079D5D53927,en-us,2024-03-27T23:00:00Z,2024-05-27T09:00:00Z,onsale,FALSE,Music,Rock,Pop,https://s1.ticketm.net/tmimages/venue/maps/aus/98132s.gif,FALSE,"The Tivoli, 52 Costin St, Brisbane, Australia",KovZpZAdFI6A,en-us,4006,Australia/Brisbane,Brisbane,Queensland,QLD,Australia,AU,52 Costin St,153.03154,-27.45233,701,78,"['onsale', 'Music', 'Rock', 'Pop', 'The', 'Tivoli', 'en-us', 'Australia/Brisbane', 'Brisbane', 'Queensland', 'Australia', '52', 'Costin', 'St']",Running Times: Doors - 7:00PM Curfew Time: Midnight - 7 days.,https://s1.ticketm.net/dam/c/fbc/b293c0ad-c904-4215-bc59-8d7f2414dfbc_106141_RETINA_PORTRAIT_16_9.jpg
34,64,Dr. Jordan B. Peterson: We Who Wrestle with God Tour p1,G5dIZ9zbDGffT,https://www.ticketmaster.com/dr-jordan-b-peterson-we-who-austin-texas-04-23-2024/event/3A005F863B31453F,en-us,2023-12-15T16:00:00Z,2024-04-24T00:30:00Z,onsale,FALSE,Miscellaneous,Lecture/Seminar,Lecture/Seminar,https://maps.ticketmaster.com/maps/geometry/3/event/3A005F863B31453F/staticImage?type=png&systemId=HOST,FALSE,"Moody Center ATX, 2001 Robert Dedman Drive, Austin, United States Of America",KovZ917ANwG,en-us,78712,America/Chicago,Austin,Texas,TX,United States Of America,US,2001 Robert Dedman Drive,-97.730837,30.280735,222,74,"['onsale', 'Miscellaneous', 'Lecture/Seminar', 'Lecture/Seminar', 'Moody', 'Center', 'ATX', 'en-us', 'America/Chicago', 'Austin', 'Texas', 'United', 'States', 'Of', 'America', '2001', 'Robert', 'Dedman', 'Drive']",No description available,https://www.century2.com/assets/img/peterson_864x540-4eb3eb7ede.jpg
35,65,The Imperfects part1,G5vGZ9sTfASBv,https://www.ticketmaster.com.au/the-imperfects-st-kilda-11-05-2024/event/13005F1FD4173E81,en-us,2023-10-17T23:00:00Z,2024-05-11T09:00:00Z,onsale,FALSE,Miscellaneous,Lecture/Seminar,Lecture/Seminar,https://s1.ticketm.net/tmimages/venue/maps/aus/98871s.png,FALSE,"Palais Theatre, Lower Esplanade, St Kilda, Australia",KovZpZAadEEA,en-us,3183,Australia/Melbourne,St Kilda,Victoria,VIC,Australia,AU,Lower Esplanade,144.976413,-37.867211,701,119,"['onsale', 'Miscellaneous', 'Lecture/Seminar', 'Lecture/Seminar', 'Palais', 'Theatre', 'en-us', 'Australia/Melbourne', 'St', 'Kilda', 'Victoria', 'Australia', 'Lower', 'Esplanade']","Doors: 7:00pm Start: 8:00pm Finish: TBA Prohibited Items: No video, audio or professional photography unless stated otherwise by the promoter. No alcohol or open drink containers can be brought into the venue. Seating in Lounge Rows A-D is strictly NO STANDING. .",https://s1.ticketm.net/dam/a/dc8/17a1ff85-d20e-451e-9281-f2312cc88dc8_1848441_EVENT_DETAIL_PAGE_16_9.jpg
36,66,The Imperfects part2,G5vGZ9wkB-0Zc,https://www.ticketmaster.com.au/the-imperfects-st-kilda-11-05-2024/event/13005F21BA86402D,en-us,2024-03-14T03:00:00Z,2024-05-11T06:00:00Z,onsale,FALSE,Miscellaneous,Lecture/Seminar,Lecture/Seminar,https://s1.ticketm.net/tmimages/venue/maps/aus/98871s.png,FALSE,"Palais Theatre, Lower Esplanade, St Kilda, Australia",KovZpZAadEEA,en-us,3183,Australia/Melbourne,St Kilda,Victoria,VIC,Australia,AU,Lower Esplanade,144.976413,-37.867211,701,119,"['onsale', 'Miscellaneous', 'Lecture/Seminar', 'Lecture/Seminar', 'Palais', 'Theatre', 'en-us', 'Australia/Melbourne', 'St', 'Kilda', 'Victoria', 'Australia', 'Lower', 'Esplanade']","Start: 5:00pm Finish: TBA Prohibited Items: No video, audio or professional photography unless stated otherwise by the promoter. No alcohol or open drink containers can be brought into the venue. Seating in Lounge Rows A-D is strictly NO STANDING. .",https://cdn.justjaredjr.com/wp-content/uploads/2018/07/jagmac-facts/jagmac-10-fun-facts-exclusive-05.jpg
37,68,Limitless Arena 2024,G5vzZbe9xndsP,https://www.ticketmaster.com/limitless-arena-2024-west-valley-city-utah-04-27-2024/event/1E006025E2A83C65,en-us,2024-01-06T17:00:00Z,2024-04-27T15:30:00Z,onsale,FALSE,Miscellaneous,Lecture/Seminar,Lecture/Seminar,https://maps.ticketmaster.com/maps/geometry/3/event/1E006025E2A83C65/staticImage?type=png&systemId=HOST,FALSE,"Maverik Center, 3200 South Decker Lake Drive, West Valley City, United States Of America",KovZpZAE6eIA,en-us,84119,America/Denver,West Valley City,Utah,UT,United States Of America,US,3200 South Decker Lake Drive,-111.950426,40.701963,229,20,"['onsale', 'Miscellaneous', 'Lecture/Seminar', 'Lecture/Seminar', 'Maverik', 'Center', 'en-us', 'America/Denver', 'West', 'Valley', 'City', 'Utah', 'United', 'States', 'Of', 'America', '3200', 'South', 'Decker', 'Lake', 'Drive']",No description available,https://s1.ticketm.net/dam/e/6c2/fb9c2338-118d-43c6-a2df-156bed86d6c2_CUSTOM.jpg
38,69,Kate Hudson,vv170ZbFGknP9vsX,https://www.ticketmaster.com/kate-hudson-los-angeles-california-05-18-2024/event/0900608AA55C1C7E,en-us,2024-04-17T16:00:00Z,2024-05-19T05:00:00Z,onsale,FALSE,Miscellaneous,Lecture/Seminar,Lecture/Seminar,https://maps.ticketmaster.com/maps/geometry/3/event/0900608AA55C1C7E/staticImage?type=png&systemId=HOST,FALSE,"The Bellwether, 333 S. Boylston St., Los Angeles, United States Of America",KovZ917AiI3,en-us,90025,America/Los_Angeles,Los Angeles,California,CA,United States Of America,US,333 S. Boylston St.,-118.25837,34.0573,223,25,"['onsale', 'Miscellaneous', 'Lecture/Seminar', 'Lecture/Seminar', 'The', 'Bellwether', 'en-us', 'America/Los_Angeles', 'Los', 'Angeles', 'California', 'United', 'States', 'Of', 'America', '333', 'S.', 'Boylston', 'St.']",The Bellwether LA is a cashless venue. Please plan accordingly. There is a delivery delay in place on this event lifting 24 hours prior to show time.,https://s1.ticketm.net/dam/a/dd3/15121749-c44a-4990-927b-ca39aac64dd3_RECOMENDATION_16_9.jpg
39,70,The Norfolk Forum Presents Liz Cheney,vvG17Z9SCw102C,https://www.ticketmaster.com/the-norfolk-forum-presents-liz-cheney-norfolk-virginia-05-07-2024/event/01005F33B22A43CE,en-us,2023-09-19T18:40:00Z,2024-05-07T23:30:00Z,onsale,FALSE,Miscellaneous,Lecture/Seminar,Lecture/Seminar,https://maps.ticketmaster.com/maps/geometry/3/event/01005F33B22A43CE/staticImage?type=png&systemId=HOST,FALSE,"Chrysler Hall, 201 Brambleton Ave, Norfolk, United States Of America",KovZpaoSYe,en-us,23514,America/New_York,Norfolk,Virginia,VA,United States Of America,US,201 Brambleton Ave,-76.2861351,36.8520889,246,26,"['onsale', 'Miscellaneous', 'Lecture/Seminar', 'Lecture/Seminar', 'Chrysler', 'Hall', 'en-us', 'America/New_York', 'Norfolk', 'Virginia', 'United', 'States', 'Of', 'America', '201', 'Brambleton', 'Ave']",U.S. Representative for Wyoming's At-Large Congressional District (2017-2023),https://th.bing.com/th/id/R.c441f8b356b57dbcc9c1cc7e8a0ab44f?rik=ML44DfaOBkiqKA&pid=ImgRaw&r=0
40,71,The Imperfects part3,G5vGZ9VCUddDT,https://www.ticketmaster.com.au/the-imperfects-perth-28-04-2024/event/13005F43B60C3EFF,en-us,2023-10-18T02:00:00Z,2024-04-28T11:00:00Z,onsale,FALSE,Miscellaneous,Lecture/Seminar,Lecture/Seminar,https://s1.ticketm.net/tmimages/venue/maps/aus/66396s.gif,FALSE,"Perth Concert Hall, 5 St Georges Terrace, Perth, Australia",KovZpZAJakdA,en-us,6000,Australia/Perth,Perth,Western Australia,WA,Australia,AU,5 St Georges Terrace,115.8640069,-31.9580219,701,12,"['onsale', 'Miscellaneous', 'Lecture/Seminar', 'Lecture/Seminar', 'Perth', 'Concert', 'Hall', 'en-us', 'Australia/Perth', 'Perth', 'Western', 'Australia', 'Australia', '5', 'St', 'Georges', 'Terrace']",Running Times: Start - 7:00PM Finish - TBC *All times are approximate and are subject to change.,https://q9c3t4p4.rocketcdn.me/wp-content/uploads/2022/09/The-Imperfects-Cast-Netflix-Every-Actor-Character.jpg
41,76,Dr. Jordan B. Peterson: We Who Wrestle with God Tour p2,vvG1IZ9MSG8xBi,https://www.ticketmaster.com/dr-jordan-b-peterson-we-who-inglewood-california-05-15-2024/event/0A005F7CCC422EAC,en-us,2023-12-15T18:00:00Z,2024-05-16T03:30:00Z,onsale,FALSE,Miscellaneous,Lecture/Seminar,Lecture/Seminar,https://maps.ticketmaster.com/maps/geometry/3/event/0A005F7CCC422EAC/staticImage?type=png&systemId=HOST,FALSE,"YouTube Theater, 1011 S. Stadium Dr, Inglewood, United States Of America",KovZ917AJue,en-us,90301,America/Los_Angeles,Inglewood,California,CA,United States Of America,US,1011 S. Stadium Dr,-118.3436,33.94982,223,43,"['onsale', 'Miscellaneous', 'Lecture/Seminar', 'Lecture/Seminar', 'YouTube', 'Theater', 'en-us', 'America/Los_Angeles', 'Inglewood', 'California', 'United', 'States', 'Of', 'America', '1011', 'S.', 'Stadium', 'Dr']",No description available,https://th.bing.com/th/id/OIP.-F0hU2L_7pztozXX2xZ2KAHaDu?rs=1&pid=ImgDetMain
42,77,Dr. Jordan B. Peterson: We Who Wrestle with God Tour p3,G5eZZ9zLYlsqr,https://www.ticketmaster.com/dr-jordan-b-peterson-we-who-tulsa-oklahoma-04-21-2024/event/20005F87F0AF175E,en-us,2023-12-15T16:00:00Z,2024-04-22T02:30:00Z,onsale,FALSE,Miscellaneous,Lecture/Seminar,Lecture/Seminar,https://maps.ticketmaster.com/maps/geometry/3/event/20005F87F0AF175E/staticImage?type=png&systemId=HOST,FALSE,"BOK Center, 200 S. Denver , Tulsa, United States Of America",KovZpZAJIndA,en-us,74103,America/Chicago,Tulsa,Oklahoma,OK,United States Of America,US,200 S. Denver ,-95.99613726,36.15287358,349,44,"['onsale', 'Miscellaneous', 'Lecture/Seminar', 'Lecture/Seminar', 'BOK', 'Center', 'en-us', 'America/Chicago', 'Tulsa', 'Oklahoma', 'United', 'States', 'Of', 'America', '200', 'S.', 'Denver']",No description available,https://www.firstfleetconcerts.com/assets/img/JORDAN_PETERSON_2023_2-36b9b6ca94.jpg
43,78,Andrew Och,vvG1fZ9YL-HflY,https://www.ticketmaster.com/andrew-och-warren-ohio-04-24-2024/event/05005F07E1F14AF0,en-us,2023-08-11T14:00:00Z,2024-04-24T16:30:00Z,onsale,FALSE,Miscellaneous,Lecture/Seminar,Lecture/Seminar,https://maps.ticketmaster.com/maps/geometry/3/event/05005F07E1F14AF0/staticImage?type=png&systemId=HOST,FALSE,"Packard Music Hall, 1703 Mahoning Ave NW, Warren, United States Of America",KovZpZAJEa1A,en-us,44483,America/New_York,Warren,Ohio,OH,United States Of America,US,1703 Mahoning Ave NW,-80.82978,41.2516411,253,6,"['onsale', 'Miscellaneous', 'Lecture/Seminar', 'Lecture/Seminar', 'Packard', 'Music', 'Hall', 'en-us', 'America/New_York', 'Warren', 'Ohio', 'United', 'States', 'Of', 'America', '1703', 'Mahoning', 'Ave', 'NW']",No description available,https://th.bing.com/th/id/R.f945052f0806536b6851931af6c04f54?rik=NwHqTGetCeIU1g&riu=http%3a%2f%2ftheshelbysociety.org%2fsites%2fdefault%2ffiles%2fpresident-general.jpg&ehk=16E5uACGnc0aGDZGWQQLvnxKXBe5RDH8l3l5UQpzmLU%3d&risl=&pid=ImgRaw&r=0
44,90,Renegades Vs. Tourists round1,k7vGF9ymL9-Sw,https://www.ticketmaster.com/renegades-vs-tourists-fishkill-new-york-09-07-2024/event/00005F9B9F5E1CF2,en-us,2023-12-22T16:43:00Z,2024-09-07T22:05:00Z,onsale,FALSE,Sports,Baseball,Minor League,https://maps.ticketmaster.com/maps/geometry/3/event/00005F9B9F5E1CF2/staticImage?type=png&systemId=HOST,TRUE,"Heritage Financial Park, 1500 Route 9D, Fishkill, United States Of America",KovZpZA1dntA,en-us,12524,America/New_York,Fishkill,New York,NY,United States Of America,US,1500 Route 9D,-73.974143,41.4739499,296,62,"['onsale', 'Sports', 'Baseball', 'Minor', 'League', 'Heritage', 'Financial', 'Park', 'en-us', 'America/New_York', 'Fishkill', 'New', 'York', 'United', 'States', 'Of', 'America', '1500', 'Route', '9D']",No description available,https://agbrief.com/wp-content/uploads/2021/11/One-Sports-partners-with-frankie-templeton.jpg
45,91,Renegades Vs. Tourists round2,k7vGF9ymL9vSP,https://www.ticketmaster.com/renegades-vs-tourists-fishkill-new-york-09-06-2024/event/00005F9B9F5C1CE5,en-us,2023-12-22T16:43:00Z,2024-09-07T00:05:00Z,onsale,FALSE,Sports,Baseball,Minor League,https://maps.ticketmaster.com/maps/geometry/3/event/00005F9B9F5C1CE5/staticImage?type=png&systemId=HOST,TRUE,"Heritage Financial Park, 1500 Route 9D, Fishkill, United States Of America",KovZpZA1dntA,en-us,12524,America/New_York,Fishkill,New York,NY,United States Of America,US,1500 Route 9D,-73.974143,41.4739499,296,62,"['onsale', 'Sports', 'Baseball', 'Minor', 'League', 'Heritage', 'Financial', 'Park', 'en-us', 'America/New_York', 'Fishkill', 'New', 'York', 'United', 'States', 'Of', 'America', '1500', 'Route', '9D']",No description available,https://cdn.discordapp.com/discovery-splashes/666813444972085264/84b78e6a0850990f4721ca1e78170b52.jpg?size=512
46,92,Renegades Vs. Tourists round3,k7vGF9ymL4sSZ,https://www.ticketmaster.com/renegades-vs-tourists-fishkill-new-york-09-03-2024/event/00005F9B9F571CC0,en-us,2023-12-22T16:43:00Z,2024-09-03T23:35:00Z,onsale,FALSE,Sports,Baseball,Minor League,https://maps.ticketmaster.com/maps/geometry/3/event/00005F9B9F571CC0/staticImage?type=png&systemId=HOST,TRUE,"Heritage Financial Park, 1500 Route 9D, Fishkill, United States Of America",KovZpZA1dntA,en-us,12524,America/New_York,Fishkill,New York,NY,United States Of America,US,1500 Route 9D,-73.974143,41.4739499,296,62,"['onsale', 'Sports', 'Baseball', 'Minor', 'League', 'Heritage', 'Financial', 'Park', 'en-us', 'America/New_York', 'Fishkill', 'New', 'York', 'United', 'States', 'Of', 'America', '1500', 'Route', '9D']",No description available,https://th.bing.com/th/id/OIP.Ibm8BR40kw7oeylNN0HXRQHaDX?w=1276&h=580&rs=1&pid=ImgDetMain
47,93,Renegades Vs. Tourists round4,k7vGF9ymLpoS5,https://www.ticketmaster.com/renegades-vs-tourists-fishkill-new-york-09-04-2024/event/00005F9B9F591CCB,en-us,2023-12-22T16:43:00Z,2024-09-04T23:35:00Z,onsale,FALSE,Sports,Baseball,Minor League,https://maps.ticketmaster.com/maps/geometry/3/event/00005F9B9F591CCB/staticImage?type=png&systemId=HOST,TRUE,"Heritage Financial Park, 1500 Route 9D, Fishkill, United States Of America",KovZpZA1dntA,en-us,12524,America/New_York,Fishkill,New York,NY,United States Of America,US,1500 Route 9D,-73.974143,41.4739499,296,62,"['onsale', 'Sports', 'Baseball', 'Minor', 'League', 'Heritage', 'Financial', 'Park', 'en-us', 'America/New_York', 'Fishkill', 'New', 'York', 'United', 'States', 'Of', 'America', '1500', 'Route', '9D']",No description available,https://resources.esportsinsider.com/esportsinsider/2021/05/Nexplay-esports-1068x469.jpg
48,94,Renegades Vs. Tourists round5,k7vGF9ymLp-SO,https://www.ticketmaster.com/renegades-vs-tourists-fishkill-new-york-09-05-2024/event/00005F9B9F5A1CE0,en-us,2023-12-22T16:43:00Z,2024-09-05T23:35:00Z,onsale,FALSE,Sports,Baseball,Minor League,https://maps.ticketmaster.com/maps/geometry/3/event/00005F9B9F5A1CE0/staticImage?type=png&systemId=HOST,TRUE,"Heritage Financial Park, 1500 Route 9D, Fishkill, United States Of America",KovZpZA1dntA,en-us,12524,America/New_York,Fishkill,New York,NY,United States Of America,US,1500 Route 9D,-73.974143,41.4739499,296,62,"['onsale', 'Sports', 'Baseball', 'Minor', 'League', 'Heritage', 'Financial', 'Park', 'en-us', 'America/New_York', 'Fishkill', 'New', 'York', 'United', 'States', 'Of', 'America', '1500', 'Route', '9D']",No description available,https://th.bing.com/th/id/OIP.qJj2o3FYdNF7BR7kN3ZUewHaEL?rs=1&pid=ImgDetMain
49,95,Renegades Vs. Tourists round6,k7vGF9ymLbvSg,https://www.ticketmaster.com/renegades-vs-tourists-fishkill-new-york-09-08-2024/event/00005F9B9F601CF5,en-us,2023-12-22T16:43:00Z,2024-09-08T19:05:00Z,onsale,FALSE,Sports,Baseball,Minor League,https://maps.ticketmaster.com/maps/geometry/3/event/00005F9B9F601CF5/staticImage?type=png&systemId=HOST,TRUE,"Heritage Financial Park, 1500 Route 9D, Fishkill, United States Of America",KovZpZA1dntA,en-us,12524,America/New_York,Fishkill,New York,NY,United States Of America,US,1500 Route 9D,-73.974143,41.4739499,296,62,"['onsale', 'Sports', 'Baseball', 'Minor', 'League', 'Heritage', 'Financial', 'Park', 'en-us', 'America/New_York', 'Fishkill', 'New', 'York', 'United', 'States', 'Of', 'America', '1500', 'Route', '9D']",No description available,https://th.bing.com/th/id/R.f6d7829eaec3552217a25f2dc21f9c0d?rik=%2bthTnpXm2TyjDg&riu=http%3a%2f%2fwww.chronicle.lu%2fimages%2f2021%2fFeb%2f20210202_season2-post-esports-600-350.jpg&ehk=M9o%2fD75S65tgFNpVEvD35PxIXc%2bq6jEmRN0MbZqtpME%3d&risl=&pid=ImgRaw&r=0
50,96,Rome Emperors vs. Asheville Tourists cham1,vvG1zZbeliw3Y1,https://www.ticketmaster.com/rome-emperors-vs-asheville-tourists-rome-georgia-08-13-2024/event/0E00602AECC92C0A,en-us,2024-01-17T15:00:00Z,2024-08-14T00:00:00Z,onsale,FALSE,Sports,Baseball,Minor League,https://maps.ticketmaster.com/maps/geometry/3/event/0E00602AECC92C0A/staticImage?type=png&systemId=HOST,FALSE,"AdventHealth Stadium, 755 Braves Boulevard, Rome, United States Of America",KovZpa3KHe,en-us,30161,America/New_York,Rome,Georgia,GA,United States Of America,US,755 Braves Boulevard,-85.1675714,34.2841584,220,89,"['onsale', 'Sports', 'Baseball', 'Minor', 'League', 'AdventHealth', 'Stadium', 'en-us', 'America/New_York', 'Rome', 'Georgia', 'United', 'States', 'Of', 'America', '755', 'Braves', 'Boulevard']","You are permitted to bring a small, clear bag inside the stadium for Rome Emperors games. AdventHealth Stadium is a cashless venue. All major credit cards are accepted. All gates open one (1) hour prior to game time but are subject to change. Fans are encouraged to come out to AdventHealth Stadium early and enjoy pre-game festivities and ceremonies. Subject to change.",https://s1.ticketm.net/dam/a/412/0eb8bf1a-8e13-4b4a-a8de-3fb7e8f95412_TABLET_LANDSCAPE_LARGE_16_9.jpg
51,97,Rome Emperors vs. Asheville Tourists cham2,vvG1zZbeliwwY8,https://www.ticketmaster.com/rome-emperors-vs-asheville-tourists-rome-georgia-08-14-2024/event/0E00602AECCB2C10,en-us,2024-01-17T15:00:00Z,2024-08-15T00:00:00Z,onsale,FALSE,Sports,Baseball,Minor League,https://maps.ticketmaster.com/maps/geometry/3/event/0E00602AECCB2C10/staticImage?type=png&systemId=HOST,FALSE,"AdventHealth Stadium, 755 Braves Boulevard, Rome, United States Of America",KovZpa3KHe,en-us,30161,America/New_York,Rome,Georgia,GA,United States Of America,US,755 Braves Boulevard,-85.1675714,34.2841584,220,89,"['onsale', 'Sports', 'Baseball', 'Minor', 'League', 'AdventHealth', 'Stadium', 'en-us', 'America/New_York', 'Rome', 'Georgia', 'United', 'States', 'Of', 'America', '755', 'Braves', 'Boulevard']","You are permitted to bring a small, clear bag inside the stadium for Rome Emperors games. AdventHealth Stadium is a cashless venue. All major credit cards are accepted. All gates open one (1) hour prior to game time but are subject to change. Fans are encouraged to come out to AdventHealth Stadium early and enjoy pre-game festivities and ceremonies. Subject to change.",https://th.bing.com/th/id/R.4475bcdebbf0e7367f372fdca6b4a1c4?rik=pv8OuVFH7ZI%2blA&pid=ImgRaw&r=0
52,98,Rome Emperors vs. Asheville Tourists cham3,vvG1zZbeliS3Yb,https://www.ticketmaster.com/rome-emperors-vs-asheville-tourists-rome-georgia-08-15-2024/event/0E00602AECCD2C18,en-us,2024-01-17T15:00:00Z,2024-08-16T00:00:00Z,onsale,FALSE,Sports,Baseball,Minor League,https://maps.ticketmaster.com/maps/geometry/3/event/0E00602AECCD2C18/staticImage?type=png&systemId=HOST,FALSE,"AdventHealth Stadium, 755 Braves Boulevard, Rome, United States Of America",KovZpa3KHe,en-us,30161,America/New_York,Rome,Georgia,GA,United States Of America,US,755 Braves Boulevard,-85.1675714,34.2841584,220,89,"['onsale', 'Sports', 'Baseball', 'Minor', 'League', 'AdventHealth', 'Stadium', 'en-us', 'America/New_York', 'Rome', 'Georgia', 'United', 'States', 'Of', 'America', '755', 'Braves', 'Boulevard']","You are permitted to bring a small, clear bag inside the stadium for Rome Emperors games. AdventHealth Stadium is a cashless venue. All major credit cards are accepted. All gates open one (1) hour prior to game time but are subject to change. Fans are encouraged to come out to AdventHealth Stadium early and enjoy pre-game festivities and ceremonies. Subject to change.",https://live.staticflickr.com/1753/40698218970_73b8fbce76_b.jpg
53,99,Rome Emperors vs. Asheville Tourists cham4,vvG1zZbeliSwYR,https://www.ticketmaster.com/rome-emperors-vs-asheville-tourists-rome-georgia-08-16-2024/event/0E00602AECCF2C2F,en-us,2024-01-17T15:00:00Z,2024-08-17T00:00:00Z,onsale,FALSE,Sports,Baseball,Minor League,https://maps.ticketmaster.com/maps/geometry/3/event/0E00602AECCF2C2F/staticImage?type=png&systemId=HOST,FALSE,"AdventHealth Stadium, 755 Braves Boulevard, Rome, United States Of America",KovZpa3KHe,en-us,30161,America/New_York,Rome,Georgia,GA,United States Of America,US,755 Braves Boulevard,-85.1675714,34.2841584,220,89,"['onsale', 'Sports', 'Baseball', 'Minor', 'League', 'AdventHealth', 'Stadium', 'en-us', 'America/New_York', 'Rome', 'Georgia', 'United', 'States', 'Of', 'America', '755', 'Braves', 'Boulevard']","You are permitted to bring a small, clear bag inside the stadium for Rome Emperors games. AdventHealth Stadium is a cashless venue. All major credit cards are accepted. All gates open one (1) hour prior to game time but are subject to change. Fans are encouraged to come out to AdventHealth Stadium early and enjoy pre-game festivities and ceremonies. Subject to change.",https://romegeorgia.org/wp-content/uploads/2023/02/Rome-Emperors-1.jpg
